sample,n_months,mean_monthly,std_monthly,sharpe_ann
train,240,0.004533208134866206,0.019939866436122364,0.787542568153703
valid,120,0.006281140902262933,0.017575727953323364,1.2379862957723216
test,276,0.0056933781397542245,0.01927574798853852,1.0231738047851464
