sample,start_row,end_row_exclusive,sharpe_sdf_monthly,sharpe_trade_monthly
cv_train,0,240,0.0818643686362367,0.0818643686362367
cv_valid,240,360,0.1998513527426708,0.1998513527426708
full_train_valid,0,360,0.12130112233308238,0.12130112233308238
test,360,636,0.1848751442492323,0.1848751442492323
