sample,start_row,end_row_exclusive,sharpe_sdf_monthly,sharpe_trade_monthly,best_lambda_l2,best_lambda0,k_nonzero,gross_exposure_trade,signed_sum_trade,signed_sum_sdf,best_valid_sr
cv_train,0,240,0.5565028232547855,0.5565028232547856,1e-05,0.9,32,1.0,0.08512801275174509,0.9999999999999998,0.6129174093592104
cv_valid,240,360,0.881746580467437,0.881746580467437,1e-05,0.9,32,1.0,0.08512801275174509,0.9999999999999998,0.6129174093592104
full_train_valid,0,360,0.6547490406650582,0.6547490406650583,1e-05,0.9,32,1.0,0.08512801275174509,0.9999999999999998,0.6129174093592104
test,360,636,0.47218759032951835,0.4721875903295184,1e-05,0.9,32,1.0,0.08512801275174509,0.9999999999999998,0.6129174093592104
